local_id,remote_id.*
1383,journals/jcisd/LuingeKKM87 
1564,reference/ml/X17ke 
911,journals/jcisd/Pollock84 
3711,journals/jcisd/DaszykowskiWM02 
2172,conf/dsmml/LawrencePJ04 
1949,conf/bcb/SubramaniamNS11 
3551,conf/icdem/CeliaR10 
428,conf/wirn/YeSP10 
1943,books/sp/Quintarelli04 
3499,conf/kdd/KhoslaCLCHL10 
1946,conf/miccai/PaulyHN10 
1254,series/sci/BrazdilL10 
3559,reference/ml/X17lt reference/ml/X10le 
1945,journals/jcisd/DongYWHCDF02 
818,reference/ml/X17dq 
345,conf/iccS/KimKJL03 
347,reference/ml/GartnerHW17 
3853,reference/ml/Torgo17 
2425,conf/ihi/GuillenJE10 
343,journals/titb/BaskaranGBG11 
810,journals/jcisd/Zaye81 
811,reference/ml/X17dr 
812,reference/ml/X17ds 
813,reference/ml/X17dt 
348,journals/jcisd/Cuadra75 
816,reference/ml/X17dn 
1739,journals/jcisd/SchlieperIM88 
2859,reference/ml/X17qv 
2858,conf/cdb/1997 
2912,reference/ml/X17bp 
2913,journals/jcisd/BayadaHG99 
2914,journals/jcisd/Golbraikh00 
2916,reference/ml/NamataG17 
2917,reference/ml/X17bo 
1793,journals/ia/MelloSV10 
1792,journals/jcisd/NellessenF92 
2853,journals/jmlr/IlinR10 
1790,conf/isda/GoncalvesC10 
712,conf/xsym/2010 
3493,journals/jcisd/NickolaisenB86 
1490,conf/igarss/DomenicoCDNB06 
3332,reference/ml/Flach17b 
1492,reference/ml/X17ig 
1493,journals/ml/LaskovL10 
1494,reference/ml/X17ii 
1495,journals/pe/SoysalS10 
3335,reference/ml/Reid17 
1497,reference/ml/X17im 
1498,series/sci/KryzhanovskyKL10 
3203,reference/ml/Furnkranz17d 
3491,books/garland/Standish67 
423,journals/jcisd/BushS93 
1626,reference/ml/X17eb 
1068,journals/jcisd/ContrerasDR87 
1703,journals/jcisd/RoushSY79 
1704,reference/ml/X17vg 
1997,journals/corr/abs-1111-2111 
2383,reference/ml/Martin17 
1393,reference/ml/Krawiec17 
1168,series/sci/SkowronS10 
2591,journals/ml/CrandallG11 
1065,journals/jcisd/KrebsJ00 
1529,reference/ml/X17gf 
427,journals/jcisd/DuvenbeckZ93 
1669,journals/chinaf/LinWD04 
3682,conf/bibm/GaoL10 
1665,reference/ml/Sakakibara17 
912,journals/jcisd/Metanomski80 
1663,conf/saso/CouceiroRR10 
1661,conf/bncod/2005 
590,reference/ml/X17hl 
593,reference/ml/X17hm 
592,reference/ml/X17hn 
594,reference/ml/X17ho 
3775,journals/jcisd/Hawkins80 
3813,series/sci/HassanienASP10 
1122,reference/ml/X17bx 
3778,journals/mlc/ZhuW11 
3667,conf/gem/OliwaR10 
1126,journals/jcisd/RumbleL85 
1127,journals/jcisd/AlvagerGHW97 
3142,journals/jcisd/DelgodaP93 
2607,conf/acml/2011 
3146,conf/mipro/HucaljukR11 
1709,conf/icmla/BulbulU11 
3672,reference/ml/X17ix 
3816,journals/neuroimage/Rizk-JacksonSSKDGCPA11 
2820,reference/ml/X17ef 
2822,conf/caise/Bouneffouf11 
583,journals/jcisd/YangC03 
2543,reference/ml/X17mn 
2542,reference/ml/X17mm 
2541,reference/ml/X17mh 
2988,conf/jcdl/FerebeeBBH03 
3382,reference/ml/X17ed reference/ml/X10ea 
2602,journals/ml/LavioletteMSS10 
3028,reference/ml/KeoghM17 
2983,reference/ml/X17ca 
3026,conf/cibb/SavojardoFMSC10 
2981,reference/ml/X17nc 
2980,journals/esi/NativiCDB08 
1359,journals/jcisd/RozasF90 
3022,journals/bioinformatics/BallesterM10 
3388,reference/ml/X17nm 
3020,journals/jcisd/SchweitzerS96a 
526,reference/ml/HorvathW17 reference/ml/HorvathW10 
1408,journals/jcisd/KorhonenTLP03 
2385,conf/icmlc/WangLO10 
1019,journals/isci/KuoY10 
2387,conf/icmla/RamirezM11 
2386,journals/jcisd/TakaokaEYKOSOSY03 
1450,journals/jcisd/GoddenB02 
1016,journals/ecoi/FaisalDHB10 
1400,conf/dood/89 
1010,reference/ml/Cussens17 
1011,conf/cisda/ArndtZ11 
1518,reference/ml/X17ic 
2442,journals/ml/SingliarH10 
3582,reference/ml/Craw17a 
448,journals/jcisd/BawdenB85 
1230,series/synthesis/2010Genesereth 
1231,reference/ml/Roos17 
2444,reference/ml/Korb17 reference/ml/McAuleyCB17 
2524,reference/ml/X17lq reference/ml/Lanzi17 
2572,journals/jcisd/TrepalinSBNLIS03 
3589,reference/ml/X17hh 
2448,reference/ml/Webb17h 
1336,journals/jmlr/Recht11 
2766,reference/ml/ShararaG17 
2764,reference/ml/X17le 
3676,journals/tcbb/DongZ11 
1134,journals/gis/WaughH87 
1846,series/sci/DonmezC10 
902,conf/cicsyn/OlatunjiA10 
903,reference/ml/Furnkranz17c 
39,journals/jcisd/GoddenFB03 
1848,reference/ml/0001B17 reference/ml/PetersB10 
1540,reference/ml/X17gj 
905,journals/jcisd/ShiFLWASPW00 
908,journals/jmlr/YuVGS10 
909,reference/ml/Blockeel17 
36,conf/airs/IslamMI10 journals/corr/abs-1008-4249 
1845,reference/ml/Sayyad-Shirabad17 reference/ml/Sayyad-Shirabad10 
2511,conf/iis/PankowskiH05 
1537,reference/ml/X17gk 
3093,journals/jcisd/MartinsACGAS03 
1535,conf/pacbb/UrquizaRPHFO11 
3091,journals/ton/MirzaSBZ10 
1533,conf/xsym/2005 
1532,conf/xsym/2004 
3251,journals/jmlr/TulabandhulaR13 
436,journals/jcisd/Palm90 
3098,reference/ml/Sebag17 
432,journals/jcisd/DiospatonyiHB01 
430,reference/ml/Zhu17 
1936,conf/icnc/ChanYZWSM11 
2993,conf/cibcb/FogelTJH10 
2613,journals/ml/HardoonS10 
338,conf/edbt/88 
3805,journals/tsp/FederFHLLNSY04 
2529,reference/ml/X17md 
3807,reference/ml/Drummond17a 
1934,reference/ml/Getoor17 
2201,journals/jmlr/ZhangLDJ12 
2619,reference/ml/Sammut17 
2528,reference/ml/X17mc reference/ml/X10ln 
3868,journals/jcisd/SchultzW97 
3298,reference/ml/X17ci 
1944,journals/jcisd/IbisonJKNSTVJ93 
473,reference/ml/X17lj 
3295,reference/ml/X17cm 
3296,reference/ml/X17cg 
1549,journals/jcisd/BergerhoffHSB83 
3290,reference/ml/X17cr 
3291,reference/ml/SammutH17 
3292,reference/ml/X17ck 
3293,reference/ml/X17cj 
856,reference/ml/Zeugmann17b 
3518,journals/mss/HerdenP02 
1425,conf/icdem/SubbulakshmiSR10 
852,journals/candc/Lisy93 
853,conf/oodbs/88 
3513,series/sci/BianchiRM10 
3458,reference/ml/X17np 
3510,reference/ml/X17gt 
3516,reference/ml/X17gu 
3515,journals/ijfipm/Reyaz-AhmedHZ10 
3514,journals/jmlr/WangLCD10 
2688,journals/jcisd/SkolnikS75 
554,journals/jasis/LongoM81 
2685,conf/si3d/OBrienL10 
2708,reference/ml/X17ms 
2830,conf/robio/DoganEI11 
2680,reference/ml/Toivonen17a 
2681,reference/ml/Toivonen17b 
2682,reference/ml/Toivonen17c 
2683,reference/ml/DorigoBS17 
3467,reference/ml/X17hk 
846,reference/ml/Furnkranz17j 
3851,journals/jcisd/Cloutier91 
3195,reference/ml/X17d 
3356,conf/icassp/KonTMW11 
90,reference/ml/Baxter17a 
92,journals/datascience/Paterson03 
94,journals/jcisd/StrokovL99 
1991,journals/neuroimage/NouretdinovCGCVVF11 
1990,journals/jmlr/CavallantiCG10 
3205,journals/jcisd/LentznerM94 
1627,reference/ml/Strehl17 
3202,reference/ml/Holder17 reference/ml/Holder10 
1625,journals/jcisd/MilneNDWZ94 
2686,conf/hri/ShortFM11 
1998,journals/jcisd/Moll97 
3375,journals/jcisd/ThalmannT79 
3106,journals/ml/AbernethyCC10 
3623,journals/jcisd/HendlichRB97 
2621,conf/icann/OkadaHN10 
3011,phd/de/Weimer2010 
3443,conf/ijcnn/PhaniCR11 
3636,journals/jcisd/Heller85 
3637,reference/ml/X17m 
3634,conf/icmlc/LuT10 
3635,reference/ml/Procopiuc17 
1799,conf/cibcb/LoweBSOM11 
3630,journals/ml/TakenouchiI11 
3063,reference/ml/X17be 
3062,reference/ml/CorneHK17 
3061,reference/ml/X17bg 
3060,reference/ml/X17bf 
3066,reference/ml/X17by 
3065,reference/ml/X17cb reference/ml/X10bz 
2709,journals/jcisd/BarczaMMW86 
3068,reference/ml/X17bw 
2594,journals/jmlr/DonmezLB10 
2940,reference/ml/X17bj 
2345,journals/ml/AilonM10 
2344,conf/cicling/DalianisSS11 
2347,reference/ml/RayT17 reference/ml/RayT10 
2643,journals/jcisd/BegerBWL01 
993,reference/ml/Flach17a 
2343,journals/jcisd/DaszykowskiWM02a 
1191,reference/ml/Bruha17 
1190,reference/ml/X17ee 
1193,reference/ml/X17ei 
1192,reference/ml/X17ej 
1195,reference/ml/X17eg 
3344,conf/bibm/ErdogduTAPDR11 
1696,reference/ml/FurnkranzH17 
918,journals/jcisd/AllenKWC82 
1695,reference/ml/Branke17 
2458,reference/ml/Webb17c 
1759,reference/ml/X17iq 
1758,reference/ml/X17ir 
1757,reference/ml/X17is reference/ml/X10id 
1756,reference/ml/X17it 
1755,reference/ml/X17iu 
1754,reference/ml/X17iv 
1753,reference/ml/X17iw 
1791,journals/jcisd/StrongSS79 
1751,reference/ml/X17iy 
1177,reference/ml/X17fk 
1176,reference/ml/X17fb 
1175,reference/ml/X17fc 
2706,journals/jcisd/BaberH92 
1734,series/sci/DraminskiKKK10 
1170,reference/ml/X17fl 
1270,reference/ml/X17qs 
1816,journals/jmlr/VarshneyW10 
3342,conf/kes/FarquadRR10 
1277,reference/ml/Poupart17 
3709,series/sci/WojtusiakK10 
841,conf/scai/RussK11 
1887,journals/dsj/JohanssonMN03 
1886,series/cogtech/Wittig11 
1884,series/sci/SleemanAMKS10 
3706,journals/jcisd/RusinkoSNHBV89 
3707,conf/amt/HuYH10 
1881,journals/jcisd/VoigtGB00 
1880,reference/ml/VilaltaGBS17 
3333,journals/mss/RegenwetterGM02 
1491,reference/ml/X17if 
947,reference/ml/X17ju 
944,reference/ml/X17jy 
945,reference/ml/Jain017b 
942,reference/ml/X17jm 
943,reference/ml/X17jx 
940,reference/ml/X17jo 
941,conf/icip/SaboiaCR11 
1058,journals/ml/Flach11 
1470,reference/ml/Ting17a 
2539,reference/ml/X17mf 
1364,journals/jcisd/Carter80 
2372,conf/icpp/MerajiT10 
877,journals/isf/YuanLGX10 
2532,reference/ml/X17lx 
3224,journals/corr/abs-1203-0160 
2530,conf/edbt/2004 
1479,journals/jmlr/GorodetskyS10 
1577,journals/jcisd/XueGB99 
2537,reference/ml/X17ml 
2534,reference/ml/X17mj 
2535,reference/ml/X17mi series/synthesis/2016Chen 
2712,reference/ml/X17mv 
2713,reference/ml/X17mu 
2710,reference/ml/X17mp 
3341,conf/propor/ZavarellaTLPAS10 
2716,reference/ml/X17nb 
819,reference/ml/X17di 
1302,conf/semweb/SpohrHC11 
2715,reference/ml/X17mt 
2653,conf/iaai/ShahabdeenBN10 
2652,reference/ml/X17gr 
2718,reference/ml/X17my 
2719,reference/ml/X17mw 
2491,reference/ml/X17id 
3435,reference/ml/X17eh 
3414,journals/jmlr/WangSP11 
1224,journals/concurrency/SkvoretzSB92 
1499,reference/ml/X17io 
497,journals/datascience/Wolf03 
493,conf/iccS/HammamiTC04 
1833,reference/ml/Matwin17 reference/ml/Matwin10 
3849,journals/jcisd/Williams77 
1836,reference/ml/Timmis17 
1221,journals/jcisd/BarczaKWK85 
1834,reference/ml/PutermanP17 
3732,journals/jcisd/ParkarP99 
3794,conf/icalt/TrabelsiF10 
3797,journals/jcisd/ChenRTY99 
3796,conf/dils/LacroixMNR04 
3186,reference/ml/X17n 
3793,conf/IEEEcit/OhtaH11 
1371,conf/sccc/HoltsRA10 
1370,conf/aaaiss/GreenF10 
1373,reference/ml/GartnerHW17 
2405,reference/ml/Jain017a 
2402,journals/jmlr/MannM10 
1376,conf/iccS/WaiyamaiSR04 
933,reference/ml/X17kh 
1378,journals/dsj/MuralidharSP01 
937,reference/ml/X17jp 
935,reference/ml/X17jr 
2409,reference/ml/FlenerS17a 
3835,conf/afips/Armor72 
3830,journals/jcisd/VillarrealMEM75 
1690,journals/jcisd/PerryG92 
3832,journals/ml/ZahalkaZ11 
2451,conf/fmldo/1996 
2746,conf/ieaaie/Stibor10 
455,journals/jcisd/Kirschenbaum80 
1630,reference/ml/X17jw 
3424,journals/jcisd/Hall91 
1228,reference/ml/X17fd 
3804,journals/jcisd/DragoK93 
3562,conf/ncca/MarinovA11 
3563,conf/recsys/BenchettaraKR10 
3248,reference/ml/QuadriantoB17a 
3566,conf/globecom/PuljizPH11 
3567,journals/jcisd/BarkerBK93 
3242,conf/osdi/2010slaml 
3241,conf/igarss/BruzzoneP10 
2319,journals/jmlr/LanckrietGBJ02 
3246,journals/jcisd/PodolyanWK10 
3244,journals/jcisd/SpadacciniH94 
3841,journals/jcisd/TrepalinYDZF95 
3840,conf/rules/95 
3843,journals/jmlr/YuanCHL10 
829,reference/ml/X17db 
3844,journals/jmlr/RigolletT11a 
3847,journals/datascience/Anderson04 
1060,reference/ml/PageN17 
825,reference/ml/X17dg 
370,reference/ml/X17gv 
372,journals/jmlr/YuanW10 
821,reference/ml/X17dk 
823,reference/ml/X17de 
1314,journals/jcisd/Rowlett75 
1334,journals/jcisd/HelmanHCR86 
2909,journals/jcisd/HeidornHN96 
393,journals/ijcat/HowarthKEK10 
2440,journals/jcisd/SettleDKP89 
390,journals/jcisd/RahmanILG01 
1486,reference/ml/Kavka17 
3150,journals/jcisd/Sheridan03 
1484,conf/mdm/2003 
3306,reference/ml/X17cz 
83,journals/jcisd/Williams75 
3304,reference/ml/X17cy 
1488,reference/ml/Torgo17a 
3302,reference/ml/X17cd reference/ml/X10cb 
85,reference/ml/QuadriantoB17b 
1713,journals/sadm/AkovaDDHBRR10 
1117,journals/jcisd/Raman00a 
3309,reference/ml/X17cw 
2413,conf/iconip/MatsuzakiSW11 
1658,journals/jcisd/SatohF99 
1659,journals/jmlr/BalasubramanianDL11a 
7,journals/nar/Gonzalez-CoutoHD01 
2825,journals/jcisd/DelaneyMMSTV93 
3592,journals/jcisd/GautzschZ94 
1657,reference/ml/Jain017b 
2414,reference/ml/X17hx 
586,reference/ml/X17hi 
3214,reference/ml/X17fh 
584,reference/ml/X17hg 
585,reference/ml/X17hf 
582,conf/mlsb/2009 
3660,journals/jmlr/BaehrensSHKHM10 
580,journals/jcisd/DuLY02 
3746,reference/ml/Sipper17a 
3744,journals/jcisd/AllcockL78 
3620,journals/jcisd/Prewitt75 
3742,journals/jcisd/Sargent91 
3216,conf/icmla/WeissBLBZ10 
3740,journals/datamine/BrownM00 
3741,reference/ml/Smart17 reference/ml/Smart10 
3153,books/daglib/p/RubelKBKWHHB12 
3152,reference/ml/Webb17e 
3151,journals/jcisd/Tsonopoulos97 
3217,conf/cidu/MallyaTG11 
3157,journals/jcisd/DuryLLBV01 
2839,reference/ml/Vlachos17 
3154,conf/crv/Artan11 
2837,reference/ml/X17ne 
2836,conf/sigir/LinLJY11 
2832,journals/jcisd/BrownM96 
1348,journals/bmcbi/NitschGOMM10 
2887,reference/ml/X17cs 
3019,reference/ml/Husbands17 
1432,journals/jcisd/TaylorK86 
1433,conf/prib/WidmerTAKR10 
2578,reference/ml/Korb17 reference/ml/McAuleyCB17 
3013,conf/pkdd/Berthold05 
3010,conf/icadl/KrapivinAMBS10 
1981,journals/ml/Garcia-PedrajasCO10 
3016,journals/datascience/BreunigCSS03 
3014,reference/ml/Tadepalli17 
3015,conf/miccai/2011mlmi 
1260,conf/massdata/StrittBFMVWS11 
1731,journals/jcisd/Ilten91 
2378,conf/propor/FernandesSM10 
1382,conf/incdm/GodskK11 
1008,conf/ictai/FogelbergP10 
1007,reference/ml/MichelucciO17 
2795,conf/skg/TuSSZWY10 
2370,journals/jcisd/ShiFMOPFW98 
1001,reference/ml/X17ib 
3593,reference/ml/X17ab 
2899,reference/ml/AbbeelN17 
1225,conf/adbis/ZormanPB10 
3693,journals/jcisd/MoockHOA94 
1223,reference/ml/Webb17i 
1222,reference/ml/CaseJ17 reference/ml/CaseJ10 
3595,reference/ml/RajnarayanW17 
3772,journals/ejasp/InceKKTL10 
451,reference/ml/Craw17 
2457,reference/ml/AbdallahDW17 
453,reference/ml/Jain017 
2598,reference/ml/StruyfB17 
2450,reference/ml/Webb17j 
2452,reference/ml/Webb17d 
1876,journals/jcisd/LavineDBK03 
1457,journals/jcisd/HuffenbergerW75 
1874,journals/mlc/HuangWL11 
3770,journals/jcisd/HamrickKB92 
1872,journals/jcisd/MatsuzakiNIH82 
1082,journals/jcisd/MurrallD90 
1736,reference/ml/X17jk 
1879,conf/cig/GalliLCL11 
2650,journals/jcisd/SettleWKPSB92 
2883,reference/ml/X17fa 
974,journals/jcisd/WrightPH94 
972,reference/ml/Wirth17 
3691,journals/jcisd/TerryBM99 
1080,conf/iciar/MohammedWS10 
978,journals/jcisd/MawH00 
1503,journals/jmlr/El-YanivW10 
1501,conf/seke/NoorianBD11 
3596,journals/jmlr/AliferisSTMK10 
1507,reference/ml/X17hq 
1504,journals/corr/abs-1112-3877 
1508,reference/ml/X17hr 
3705,conf/hais/TellaecheAIM10 
2466,journals/jcisd/QiaoHZGX02 
311,journals/jcisd/GunerHP92 
658,journals/fac/FalaschiS17 journals/pomacs/ChaintreauGZ17 
3088,journals/csl/ShinCK10 
2620,journals/datamine/MacedoCB00 
1367,conf/compsac/QinZWWZH11 
2626,journals/jmlr/HuangHCL10 
2627,journals/jcisd/Westbrook93 
2624,reference/ml/ChandolaBK17 reference/ml/Cohn17 series/synthesis/2012Settles 
3872,journals/jcisd/BraunGMZ93 
3874,reference/ml/X17tm 
3875,reference/ml/ChristenW17 
3527,journals/jcisd/FletcherMP96 
3525,journals/sigsoft/MalhotraKS10 
3522,reference/ml/X17gx 
3289,reference/ml/X17co 
3288,journals/jcisd/DuvenbeckZ93a 
3285,reference/ml/BrazdilVGS17 
1912,reference/ml/X17sf 
2656,journals/jcisd/VogtVK03 
2112,journals/jmlr/ZhangWLJ12 
3281,journals/datascience/Namyslowska-WilczynskaW02 
3280,journals/jcisd/NelsonHBB75 
3884,reference/ml/FurnkranzH17a 
919,journals/lalc/JockersW10 
3449,reference/ml/Garriga17 
3448,conf/bmei/ZengJZXG11 
1656,journals/jcisd/SatohF95 
3277,journals/jcisd/Vogue96 
860,journals/jcisd/WangN89 
863,journals/jcisd/Moulton93 
949,reference/ml/X17kc 
3274,series/sci/Maloof10 
867,reference/ml/Furnkranz17h reference/ml/Furnkranz10c 
2757,conf/maics/VanderbeckBO11 
1598,journals/jcisd/Small92 
3143,journals/jcisd/HallS96 
2752,conf/biostec/SongAL10 
2751,books/daglib/0078431 
1819,conf/ssdbm/HinterbergerMG94 
1243,journals/jcisd/CaiH98 
3115,journals/bmcsb/PlaimasEK10 
2758,journals/gis/MacEachrenWEHM99 
880,conf/icmla/NalbantovDRLS11 
569,journals/ipm/Vleduts-Stokolov82 
3113,conf/ijcnn/RomeroVG10 series/sci/RomeroVG10 
889,journals/jcisd/OConnor77 
888,journals/jcisd/TerryM98 
1604,reference/ml/X17js 
2824,conf/kesamsta/OSheaBC10 
3600,series/synthesis/2010Szepesvari 
3149,conf/mascots/BuRX11 
20,journals/cmpb/VoigtDYEL10 
3110,journals/scientometrics/Artus96 
1519,journals/jcisd/ClarkFM96 
1968,conf/dmin/MballoM10 
1616,journals/jcisd/Drie97 
1965,conf/cinq/2004 
3238,reference/ml/X17ex 
1967,reference/ml/X17ff 
1612,reference/ml/X17jq 
2538,reference/ml/X17me 
3712,journals/jcisd/Rispin81 
3675,conf/bncod/ToddMB84 
562,journals/jcisd/Simmons99 
2873,journals/pdln/ArregiCIGSZ10 
3628,reference/ml/X17p 
2872,conf/isda/JungA11 
2870,reference/ml/X17fg 
2877,series/sci/CeciAM10 
3621,journals/jcisd/BaxterMWLSBPW00 
2819,reference/ml/Silva17 
2879,conf/sdt/1984 
3622,journals/pieee/ZhangIT11 
3625,journals/jcisd/XuA03 
3476,journals/jcisd/Csizmadia00 
2492,conf/iassist/Doorn05 
77,conf/icse/Cleland-HuangCGE10 
76,conf/igarss/CloseWG11 
3357,conf/mldm/2011 
74,conf/dbtel/2001 
3350,reference/ml/Fern17 
3353,conf/sigmod/Tgieman93 
1572,journals/widm/BacarditL13 
2972,series/sci/2010-262 
3057,reference/ml/X17bk 
3054,reference/ml/X17bl 
3055,reference/ml/X17bm 
3359,conf/geos/Martins11 
1571,reference/ml/X17fp 
2974,journals/ivc/RaducanuVL10 
2975,conf/bicob/RasheedR11 
1042,series/sci/KacprzykS10 
504,journals/aim/WarrickHKP12 conf/iaai/WarrickHKP10 
1049,reference/ml/LiuW17 
1048,reference/ml/Buhmann17 
2955,journals/jcisd/Nagaraja97 
3027,journals/vldb/GaasterlandJR05 
1768,journals/jcisd/BauknechtZBLWSG96 
1685,journals/ml/DiegoMM10 
1689,reference/ml/Ratnaparkhi17 
1688,journals/jcisd/Tominaga98 
1760,reference/ml/X17ip 
1766,journals/jcisd/GinnTWFH97 
50,journals/db/BariffG82 
1143,reference/ml/X17ld 
1141,reference/ml/X17lk 
1146,journals/ml/Langley11 
3520,conf/setn/KotaniY10 
1145,reference/ml/X17lf 
3497,journals/jcisd/CundariR01 
1149,reference/ml/X17ln 
1267,journals/siamjo/ByrdCNN11 
1266,reference/ml/Miikkulainen17c 
1265,series/sci/2010-263 
1264,conf/nato/93 
2095,journals/ml/JordanGJS99 
2954,journals/intr/Robbin95 
3658,reference/ml/Keogh17 reference/ml/Keogh10 
2985,conf/webist/Waltinger10a 
2092,journals/ml/AndrieuFDJ03 
3657,journals/widm/Hullermeier11 
1913,reference/ml/X17sg 
2717,reference/ml/X17mz 
2525,reference/ml/X17lr 
1547,reference/ml/X17ly 
3128,reference/ml/Munro17 
2526,reference/ml/X17lz 
2521,reference/ml/X17lu reference/ml/X10lf reference/ml/X10lg 
2714,conf/jurix/MaatKW10 
2523,reference/ml/X17lp 
2489,journals/ml/BarrenoNJT10 
3283,journals/jcisd/MawH01 
3121,journals/tnsm/FrancoisASF10 
2482,journals/jcisd/WoodRG93 
2483,conf/isd/1999 
3124,journals/chinaf/YaoZ02 
3125,conf/icwsm/PennacchiottiP11 
3169,journals/artmed/DelenOK10 
3361,journals/jcisd/OHaraP91 
545,journals/tcbb/SehgalDNSE11 
8,reference/ml/JinH17g 
3176,reference/ml/OrbanzT17 
1461,journals/jcisd/FangW02 
1460,series/sci/Bratko10 
521,conf/kbse/ChenHX11 
1315,journals/chinaf/ChenYBZZC02 
2467,journals/jcisd/RuizSG93 
991,reference/ml/Morik17 reference/ml/Morik10 
990,reference/ml/X17hv 
1311,reference/ml/LingS17a 
1310,journals/jcisd/AllenBCH95 
2705,conf/icannga/SaarikoskiLJJ11 
2969,conf/fuzzIEEE/BalazsBK10 
2707,reference/ml/Mladenic17 
2661,journals/jcisd/GreeneKSST94 
999,reference/ml/X17ia 
998,reference/ml/X17na 
1785,reference/ml/X17mk 
3401,series/ais/DietterichBKS10 
3400,journals/jcisd/Wilhoit80 
3403,conf/ike/Al-ModayanR10 
3405,conf/dils/2004 
3404,conf/dils/2005 
577,journals/jcisd/RaoSHC79 
3409,journals/jmlr/DingS10 
15,journals/jcisd/CookeS01 
2654,journals/jcisd/NicolaouTKBN02 
2445,reference/ml/Hinton17a 
14,journals/jcisd/GoddenSB00 
3385,journals/ijmi/SchubartE00 conf/amia/SchubartE99 
1136,journals/jcisd/DuboisCP91 
520,journals/jcisd/Heaps75 
1188,reference/ml/X17ey 
2951,conf/socpar/CallejaBMF11 
1407,journals/jcisd/ChenRY98 
1827,journals/datascience/Pogliani02 
1022,conf/imf/Ziemniak11 
1821,journals/jcisd/Lefkovitz75 
928,reference/ml/X17ka 
1579,journals/jmlr/PedregosaVGMTGBPWDVPCBPD11 
2798,journals/mlc/Wang10 
1389,journals/datascience/Tabuchi04 
920,reference/ml/X17du 
921,reference/ml/X17kf 
1404,conf/ibm/1975 
1380,journals/jcisd/LeiZ02 
925,reference/ml/X17kb 
2794,reference/ml/X17kq 
927,reference/ml/X17jz 
3580,journals/jbi/DangerSFR10 
3825,conf/enase/ZhangYW11 
1029,journals/jods/2005-2 
1409,journals/jcisd/BoitenON95 
310,reference/ml/Alexandrova-KabadjovaGM17 
2769,journals/jcisd/WangW00 
3815,journals/jcisd/XieTS00 
1920,conf/tac/Castillo10 
809,reference/ml/X17dx 
1922,conf/bibe/HaasKRSS00 
3583,journals/ivs/X06 journals/ivs/ChiuPSC05 
1925,conf/ssdbm/RomanelloBBJLMPRS05 
3270,reference/ml/X17es 
3271,conf/acai/SinghA11 
3584,journals/jcisd/ODonohue75 
3370,conf/flairs/RasorOD11 
369,journals/mlc/HeW11 
3279,reference/ml/Dasgupta17 
3474,conf/ida/1997 
833,reference/ml/X17bn 
830,reference/ml/X17dc 
831,conf/ijcai/LacroixNRV03 
3470,journals/mss/Maydeu-Olivares02 
3577,books/daglib/0026018 journals/aim/Zhang01 
3587,reference/ml/X17lw reference/ml/X10li 
3478,conf/mammo/MacParthalainZ10 
502,journals/computer/HibbardS89 
2664,reference/ml/Wiegand17 
2665,conf/dasfaa/XieB11 
368,journals/corr/abs-1106-4872 
2937,conf/evoW/VanneschiFGMAP10 
365,reference/ml/X17cq 
362,reference/ml/Zhang17c reference/ml/Zhang10c 
363,series/sci/KubatSD10 
2668,journals/ijon/MalathiMB10 
2669,series/sci/SmirnovMNS11 
2449,journals/jcisd/Jackson93 
25,conf/icmla/Zhang11 
2485,journals/jcisd/LefkovitzRKH81 
1368,journals/jcam/LopezMMTV10 
1304,reference/ml/X17py reference/ml/X10pe 
2935,conf/incos/MenkovskiEL10 
1777,journals/jcisd/CarabedianD91 
2931,reference/ml/Brown17 
380,reference/ml/Lloyd17 
383,journals/jcisd/PattersonSW95 
386,reference/ml/X17cf reference/ml/X17ce 
3311,reference/ml/X17ct 
3310,reference/ml/X17cv 
3313,journals/sigops/Bodik11 
3383,conf/aaaiss/Amin10 
2350,journals/jcisd/PittmanSY02 
3317,journals/jcisd/StanleyM89 
1647,journals/jcisd/ExnerKV93 
1640,conf/isqed/WuuPM11 
1643,journals/jcisd/LaidboeurLCB94 
1729,reference/ml/Auer17 
1723,conf/networking/WagnerFSE11 
1720,conf/mm/WangGSMG10 
1741,reference/ml/X17jg 
2792,journals/jcisd/HagadoneS95 
3610,reference/ml/Sammut17g 
3611,reference/ml/Sammut17f 
3612,reference/ml/Sammut17a 
578,journals/cga/MacInnesSW10 
3614,journals/jcisd/VoigtBWN01 
3615,reference/ml/Sammut17b 
3618,reference/ml/X17mg 
571,conf/rules/1997 
3755,conf/ircdl/BasileEF11 
61,reference/ml/X17am 
62,reference/ml/X17al 
63,journals/jcisd/Rudman77 
3001,conf/edbt/2000 
3000,conf/edbt/2002 
2793,journals/neuroimage/ChenH10 
2198,journals/jmlr/ZhangCZJ16 
1209,journals/jcisd/SalimHW03 
3165,journals/ml/BlockeelBRDKY11 
3160,conf/lrec/HuangKC10 
2805,reference/ml/Sander17 
1421,reference/ml/Zeugmann17c 
2568,journals/mcm/AraujoRGT11 
3368,conf/icdm2/2004 
3369,conf/icst/SilvaJA10 
1426,journals/ploscb/ReynesHCLLMDFVS10 
1429,conf/sebd/TradigoVP11 
2563,journals/jmlr/RasmussenN10 
939,reference/ml/X17jn 
2567,conf/fgr/QMV11 
3463,journals/cma/LiLD10 
2368,conf/lrec/QuaresmaG10 
507,reference/ml/Engel17 
1030,conf/ifip12/KoutinaK11 
1031,journals/jcisd/RobertsMJCB00 
2363,reference/ml/Perlich17 reference/ml/Perlich10 
2362,reference/ml/Bosch17 
1034,journals/jcisd/MezeyZWWIDG96 
2360,reference/ml/Todorovski17a 
2586,conf/lrec/RentoumiPKVK10 
2585,reference/ml/X17ij 
2430,journals/ml/ReadPHF11 
2582,reference/ml/X17cn 
1214,journals/jcisd/Murdock80 
2580,journals/jcisd/ArtymiukBGPPRTWW92 
465,journals/eaai/SureshSS10 
1201,conf/sbm/HeroldS11 
1218,conf/cscw/ChinL04 
2423,reference/ml/Poupart17a 
2424,conf/cisis/BibaXEF11 
460,journals/ml/AminiG10 
1355,journals/db/KendallK82 
1169,reference/ml/X17fm 
1860,reference/ml/Utgoff17 
1863,conf/icmlc/LeeHYC10 
38,reference/ml/X17az 
168,journals/entcs/Sampaio07 journals/jaise/AugustoAMP17 journals/jaise/AugustoMPA17 journals/jaise/GomezPAA17 journals/jaise/GomezPAA17a journals/jaise/PratiMAA17 
3211,journals/ml/KalyanakrishnanS11 
3727,conf/eScience/Matsuda05 
3721,journals/ijcv/EfrosT16 
907,series/sci/KwasnickaP10 
964,journals/jcisd/BeckHCC98 
965,journals/datascience/SuhRLR02 
966,reference/ml/X17dh 
967,journals/pami/RostenPD10 
960,reference/ml/X17df 
2898,journals/jcisd/HendricksonM90 
3683,journals/soco/ConilioneW11 
2595,reference/ml/X17ik 
3680,journals/jcisd/BrackenW77 
2890,reference/ml/Sipper17 
2431,journals/jodl/PouchardWB05 
1106,reference/ml/Uther17 
1105,reference/ml/RaedtK17 
2518,reference/ml/X17da 
2519,reference/ml/X17ls 
1453,conf/ssdbm/TangYYK03 
1515,reference/ml/X17hz 
2515,journals/jmlr/ForeroCG10 
934,reference/ml/X17ki 
2510,journals/datascience/MitnitskiMMR03 
1459,reference/ml/TingMVS17 
2513,journals/jcisd/HendricksonZ00 
2735,reference/ml/X17no 
2736,journals/jcisd/DonovanW77 
30,conf/iri/TiwariZS10 
2639,reference/ml/X17ch 
2731,reference/ml/X17nl 
2733,reference/ml/X17nq 
2635,journals/bmcbi/DalePK10 
2738,reference/ml/X17lh 
2739,reference/ml/Pfahringer17 
3865,journals/jcisd/MattioniKJCDP03 
3864,conf/wetice/MalliosPS11 
1357,conf/ismb/SpringerP93 
3213,journals/jcisd/DbskaGC00 
3539,reference/ml/X17hb 
1159,reference/ml/X17kl 
3148,journals/fac/FalaschiS17 journals/pomacs/ChaintreauGZ17 
34,conf/icmla/PalaniappanM11 
1091,journals/jcisd/HellerMF76 
1814,reference/ml/X17ay 
3037,conf/cidu/GhanouiLDPSB11 
3585,reference/ml/X10lh 
1817,conf/psd/2004 
1811,conf/ifip/Harper68 
878,books/daglib/p/GrobelnikMLS11 
1536,journals/jcisd/IhlenfeldtVBON02 
3431,conf/icmla/EllenP11 
873,reference/ml/Wagstaff17 
870,conf/ranlp/DinuINS11 
3437,journals/jcisd/EhrhardtR86 
3185,journals/jcisd/SebastianBH95 
2743,reference/ml/X17lg 
2742,reference/ml/Heskes17 
3182,conf/icai/OstrowskiS10 
3480,journals/jmlr/YuFMXHCDSW10 
1245,journals/jcisd/CurnuttC91 
3188,conf/iccd/ZhangRDMJ11 
3189,reference/ml/X17k 
2469,journals/corr/abs-1110-5688 
892,reference/ml/X17pj 
3482,journals/sigmod/Huyn01 
894,reference/ml/Drummond17 
895,conf/mdm/2001 
896,reference/ml/X17ec 
897,journals/ml/MargineantuWD10 
3147,journals/jcisd/MorrisonLTHB84 
1099,journals/mlc/MahapatraMS11 
1153,reference/ml/X17kn 
2401,journals/jcc/YangLCX10 
1152,reference/ml/X17ko 
1609,reference/ml/X17gd 
2546,journals/cn/MeyerSIM95 
1338,journals/datascience/GutmannSDB04 
3547,conf/bibm/ChenCWN10 
3543,journals/jcisd/RoschkowskiS80 
1601,reference/ml/Ting17c 
1600,reference/ml/Ting17b 
1602,reference/ml/Ting17d 
1605,reference/ml/X17gc 
3549,reference/ml/X17sd 
1971,reference/ml/BrankMG17 
1970,journals/jcisd/Pogliani02 
46,reference/ml/X17bc 
355,reference/ml/X17od reference/ml/X10nm reference/ml/X17oc 
808,reference/ml/X17dw 
353,reference/ml/X17cp 
47,reference/ml/X17ak 
803,reference/ml/X17ea reference/ml/X10dx 
807,reference/ml/X17dv 
1614,reference/ml/X17fz 
804,conf/dbsec/Wang10 
1788,conf/adbis/2000 
2964,reference/ml/Jain017c reference/ml/JainS10c 
2961,conf/IEEEpact/WangO10 
2960,conf/aaaiss/SleemanF10 
3758,journals/jcisd/LeeIM92a 
955,reference/ml/X17dl 
2845,journals/jcisd/Uchida79 
1784,conf/paclic/KolyaEB10 
2968,conf/icac/EastepWA11 
2840,journals/jcisd/BensonW79 
3049,books/idea/encyclopedia2005/WaluyoST05 
3048,journals/nca/NanniLB10 
3322,journals/jcisd/Green91 
2614,journals/jcisd/Swift97 
3326,reference/ml/X17nk 
3327,journals/mlc/Castillo11 
2419,journals/jmlr/TheodorouBS10 
3042,journals/tkde/FrunzaIT11 
2544,reference/ml/X17mo reference/ml/X10lz 
3047,journals/datascience/HuangHSW04 
992,conf/lcn/ZanderA11 
1772,journals/jcisd/CarabedianD98 
1959,reference/ml/X17or 
1074,reference/ml/Miikkulainen17d 
3743,journals/jcisd/TancrediASV76 
1298,journals/jcisd/BachaGHTN02 
1679,reference/ml/Miikkulainen17 
334,reference/ml/Hinton17 
1674,journals/jcisd/MazzatortaBNG02 
1675,conf/jurix/GrabmairAHS11 
1677,journals/isci/Niskanen01a 
1672,reference/ml/X17pd 
1673,reference/ml/RaySB17a 
2499,journals/jcisd/Whitbeck92 
1090,reference/ml/ZhengW17a 
1158,reference/ml/X17km 
1092,journals/mlc/SmallR10 
2999,reference/ml/X17bu 
1154,reference/ml/X17kt reference/ml/X10kg 
1156,reference/ml/X17kk 
1151,reference/ml/X17lo 
1150,reference/ml/MladenicBG17 reference/ml/MladenicBG10 
3487,conf/cinq/2004hz 
3486,conf/iccS/DerisBRS04 
3134,conf/oodbs/2000 
3136,reference/ml/Miikkulainen17a 
3131,journals/jmlr/TeoVSL10 
3803,journals/jcisd/HendricksonNMZ93 
3132,journals/jcisd/HushonPT83 
3647,journals/jcisd/Citroen96 
1555,reference/ml/X17gm 
3645,reference/ml/X17j 
2618,reference/ml/X17in 
3139,reference/ml/Miikkulainen17b 
3642,journals/jcisd/MasonORBIPAP91 
3641,journals/jcisd/PicchiottinoGSPD84 
3640,reference/ml/X17l 
2998,reference/ml/X17fn 
1550,conf/kdid/2004 
2504,conf/miccai/XuS11 
59,reference/ml/X17ao 
2555,reference/ml/X17il 
2556,journals/jcisd/Barrett93 
2557,journals/jcisd/KuhnDF94 
3034,books/daglib/0067666 
1296,reference/ml/X17pt 
3036,journals/mss/Batell82 
56,reference/ml/X17ar 
51,journals/ibmsj/HaasSKKRS01 
2995,conf/ijcai/DornBL11 
3033,journals/jmlr/RavikumarAW10 
2396,journals/jcisd/AttwoodABBBBCDGFKLMPPSSW97 
2558,journals/tnn/NguyenMTH10 
2394,reference/ml/SaittaS17 
533,reference/ml/X17ra 
2393,journals/jcisd/HerzKSW85 
530,reference/ml/X17re 
1414,series/sci/MaszczykGD10 
1415,reference/ml/RaySB17 
3299,journals/jcisd/StouchJ85a 
1322,reference/ml/X17up 
1321,reference/ml/X17uo 
2473,conf/dbvis/WoynaZSC93 
1558,reference/ml/X17kg 
2770,journals/jcisd/CaffreyMH91 
2771,reference/ml/Kaski17 
3002,conf/iccvg/MichalakS10 
1621,journals/jcisd/Pollick83 
984,journals/jcisd/OzawaYF97 
2777,reference/ml/X17lm 
2724,journals/jcisd/TurnerTW97 
1904,journals/jcisd/Barnard90 
1233,journals/jcisd/SebastianBH94 
1418,journals/jcisd/Allen80 
2801,journals/jcisd/Summit75 
2781,journals/jmlr/Xiao10 
2780,conf/iberamia/ArregiCIGSZ10 
2783,journals/lre/LavergneUY11 
378,reference/ml/QuadriantoB17 
1852,books/idea/encyclopedia2005/RiedewaldAA05 
1853,journals/jcisd/LowryHA85 
1854,reference/ml/X17dj 
953,conf/evoW/SilvaAL11 
1524,reference/ml/X17gh 
1525,journals/tdp/Gkoulalas-DivanisSV11 
1526,journals/fss/LuengoH10 
1527,journals/jcisd/LoubFSQ85 
1520,conf/asian/2005 
1900,journals/ecoi/KampichlerWCWA10 
1250,conf/bibm/ZhangEZ10 
2641,journals/jcisd/SchweitzerM00 
915,journals/bmcbi/XuHMB10 
420,journals/corr/BorgstromGGMG13 
1395,journals/cn/GrossmanGHHK04 
3161,journals/jmlr/ShiraziSS10 
1528,conf/xsym/2003 
910,reference/ml/X17dy 
1391,reference/ml/Keogh17a 
3226,journals/jcisd/HefferlinDI03 
3812,journals/jcisd/FunatsuNS94 
309,conf/dagstuhl/1998change 
3810,reference/ml/Muslea17 
3811,reference/ml/BhattacharyaG17 
2600,reference/ml/Buntine17 reference/ml/Buntine10 
3814,conf/jit/2002 
1420,journals/asc/TsaiC10 
303,conf/cdb/2004 
305,reference/ml/CoatesAN17 
2603,conf/semcco/EkbalMHS11 
3261,journals/jcisd/Edwards02 
1932,journals/datascience/BordoloiKS04 
3451,journals/jcisd/RoyceFRMB84 
1937,conf/birthday/2005wedekind 
3264,conf/birthday/ChenM92 
3266,conf/iassist/Dekker05 
3269,conf/icccn/NunesVBLO11 
3268,conf/rsctc/Nguyen10 
1939,journals/jcisd/MillsMSSSHSBB88 
3626,journals/sigmod/JagadishO04 
3508,reference/ml/X17gp 
3466,reference/ml/ShultzF17 
3464,reference/ml/X17dz 
843,conf/ibm/1990 
3462,journals/jcisd/ChristieLN93 
3461,journals/neuroimage/AndersonLVMC11 
3460,conf/mldm/2011p 
3501,journals/jcisd/AllenDGJKMMMSW91 
3505,journals/jcisd/SchweitzerS97 
849,reference/ml/DorigoB17 
2671,series/sci/CiosK10 
2670,journals/jcisd/Nardone79 
2979,conf/hipc/CastroGRCCM11 
2677,conf/icmla/Malik10 
2676,reference/ml/X17vq 
1841,reference/ml/2010 
1972,journals/bmcbi/SturmHLF10 
1655,journals/jcisd/DentonJHM77 
2778,journals/jcisd/LuiAT00 
3058,journals/jcisd/StuperJ76 
2921,conf/igarss/Hunt04 
2923,conf/sigdial/JanarthanamHLL11 
3059,reference/ml/X17bi 
2925,journals/ml/LongS10 
1587,reference/ml/X17kj 
989,journals/ml/YangCZGJ11 
1986,reference/ml/Blockeel17b 
1987,reference/ml/Kramer17 reference/ml/Kramer10 
1984,reference/ml/Stone17 
1985,reference/ml/Blockeel17c 
1982,journals/ml/McGovernW11 
1983,reference/ml/Blockeel17a 
3212,conf/wirn/FiascheCFIM10 
1637,reference/ml/X17jv 
1638,journals/jcisd/Brown89 
1730,reference/ml/X17mb 
2470,journals/jcisd/RuizSG94 
3219,journals/jcisd/DownsWF94 
1988,conf/agile/MartinsAC10 
1989,reference/ml/X17af 
1781,journals/jcisd/HeYZX01 
557,journals/jcisd/Butina99 
2814,reference/ml/Barto17 
3703,journals/jcisd/Hoffmann84 
2816,reference/ml/X17lb 
2810,conf/bibm/ZamaniK11 
3605,reference/ml/Sammut17i 
2812,journals/jcam/LopezMMTV10a 
560,journals/jcisd/HowardSLC82 
3609,reference/ml/Sammut17d 
563,reference/ml/JinH17f 
564,reference/ml/Driessens17 
3070,reference/ml/X17bv 
3072,reference/ml/X17bt 
3781,journals/jcisd/Slutsky98a 
3074,reference/ml/X17br reference/ml/X10bp 
3075,reference/ml/X17bs 
1385,conf/im/BasharPMSN11 
3078,journals/jcisd/DavidM00 
3170,reference/ml/Martinez-JaramilloCA17 
2478,journals/jcisd/HoL93 
3174,reference/ml/X17aa 
2953,reference/ml/Toivonen17 
1025,journals/jods/2005-4 
1563,journals/pbml/DuttaKP11 
1027,reference/ml/X17nj 
1516,journals/jcisd/McGregorP97 
1021,reference/ml/Kennedy17 
3379,reference/ml/Raedt17a 
1189,reference/ml/Furnkranz17b 
1186,reference/ml/Furnkranz17e 
1187,reference/ml/X17ez 
1184,reference/ml/X17er 
1182,reference/ml/X17ev 
1028,journals/jods/2005-3 
1180,conf/sdmw/2005 
1181,reference/ml/X17lq reference/ml/Lanzi17 
2358,conf/nips/KayalaB11 
1749,reference/ml/X17ja 
2352,journals/jcisd/TuppurainenVLP02 
1746,reference/ml/X17jd 
1747,journals/jcisd/DikyCWDF03 
1740,journals/jcisd/KavakE93 
2357,reference/ml/X17fo 
1742,reference/ml/X17jf 
1743,reference/ml/X17je 
1164,reference/ml/X17kw 
1165,reference/ml/X17kv 
1167,reference/ml/X17kx 
1160,reference/ml/X17la 
603,conf/xsym/2006 
2991,journals/jcisd/OxmanKBEHW76 
2433,conf/fskd/LiY10 
2432,journals/tcad/LiuZRG11 
1207,journals/jmlr/SonnenburgRHWBZBBGF10 
1206,reference/ml/Nijssen17 
2437,journals/expert/StolorzC98 
2436,reference/ml/Stone17a 
871,journals/jcisd/OsamuraYHHIKMTO81 
2434,journals/jcisd/Tokuno93 
3739,reference/ml/NamataSBG17 reference/ml/SenNBG10 
1895,journals/jcisd/KitchenK82 
3734,conf/soco/DanylenkoKL11 
80,conf/icarcv/VaniSS10 
1217,reference/ml/X17kd 
472,journals/jcisd/Novak00 
3305,reference/ml/X17cx 
3108,journals/jcisd/Kaufman93 
3109,conf/interact/Schrammel11 
49,reference/ml/X17ah 
951,conf/iccS/HuXTZC05 
950,reference/ml/X17jt 
44,reference/ml/X17bd 
42,reference/ml/X17au 
43,reference/ml/X17at 
40,reference/ml/X17ax 
41,reference/ml/Gama17 
1447,journals/jcisd/GoddenB01 
1446,reference/ml/SaittaS17a reference/ml/SaittaS10a 
1445,conf/icdm/ZhangLLC10 
3194,reference/ml/X17e 
1443,journals/kais/TangH10 
1442,reference/ml/X17ky 
2509,reference/ml/Toivonen17d 
2508,reference/ml/Jensen17 
1560,reference/ml/Baxter17 
476,journals/jcisd/Rogalski78 
3301,reference/ml/X17cf reference/ml/X17ce 
2503,reference/ml/FlenerS17 
2502,reference/ml/Igel17 
2501,journals/jcisd/BegerFLLWM01 
2500,journals/jcisd/BegerFLLWM00 
2727,reference/ml/X17ni 
2649,reference/ml/X17s 
1219,conf/systor/PellegRR10 
2722,reference/ml/X17nd 
2720,reference/ml/X17nf 
2640,series/sci/GalassiBS10 
461,conf/kdd/MagnussonK12 
2642,journals/jcisd/BouyerPL96 
3190,journals/ml/Campi10 
2646,journals/jcisd/Alsberg75 
2728,reference/ml/X17nn 
1789,journals/jcisd/RickettsBHHTR93 
2426,journals/artmed/JerezMGARMF10 
3704,journals/ml/Flach10 
484,conf/lrec/Wawer10 
1804,conf/ismb/CheungYSdMG05 
1807,journals/jcn/Zhu11 conf/iri/Zhu10 
3780,series/sebi/Yang10 
3428,reference/ml/Raedt17 
3786,reference/ml/Raedt17b 
3787,journals/jmlr/ErtekinR11 
1801,conf/esann/MicheSL10 
3785,conf/isda/AliHBS11 
3420,journals/gis/Laurini98 
3426,conf/iccS/Knight03 
1809,conf/isspit/ArroyoZZ11 
1808,journals/bmcsb/ZhangHBW10 
3197,reference/ml/X17b 
3196,reference/ml/X17c 
470,reference/ml/Drummond17b reference/ml/Drummond10b 
1365,conf/ideal/2000 
3193,reference/ml/X17f 
3192,reference/ml/X17h 
3191,reference/ml/X17i 
1361,journals/ml/Ozogur-AkyuzUS11 
3519,conf/www/IrmakK10 
479,journals/ijsi/TaoWHY10 
3199,reference/ml/Todorovski17 
3198,reference/ml/X17a 
